{"cameraMode":{"drawMode":0,"name":"Shaded","section":"Shading Mode"},"sceneLighting":false,"audioPlay":false,"sceneViewState":{"showFog":false,"showMaterialUpdate":false,"showSkybox":true,"showFlares":true,"showImageEffects":true,"showParticleSystems":true},"in2DMode":false,"pivot":{"x":134.06906127929688,"y":32.405914306640628,"z":288.009521484375},"rotation":{"x":0.04243351146578789,"y":0.946247398853302,"z":-0.28898024559020998,"w":0.1389450877904892},"size":735.7473754882813,"orthographic":false}